{
   "system" : {
      "accessoryCards" : [
         null,
         {
            "cdone" : "1",
            "creset" : "1",
            "deviceId" : "19718767",
            "eui" : "00:80:00:00:A0:00:2E:24",
            "fpgaVersion" : 31,
            "hwVersion" : "MTAC-LORA-1.5",
            "productId" : "MTAC-LORA-H-915",
            "reset" : "1",
            "vendorId" : "Multi-Tech Systems"
         },
         null,
         null
      ],
      "capabilities" : {
         "adc" : false,
         "bluetooth" : false,
         "cell" : false,
         "din" : false,
         "dout" : false,
         "gpio" : false,
         "gps" : true,
         "lora" : true,
         "loraNetworkServer" : true,
         "nodeRed" : true,
         "rs232" : false,
         "rs422" : false,
         "rs485" : false,
         "serial" : false,
         "wifi" : false
      },
      "cmdtty" : "/dev/modem_at1",
      "date" : "09/30/2018",
      "datetime" : "09/30/2018 17:44:22",
      "dbDirty" : false,
      "defaultDeviceName" : "MultiConnect&reg; Conduit",
      "deviceId" : "19760557",
      "deviceName" : "",
      "firmware" : "1.4.16",
      "firmwareDate" : "2018-03-29T09:57:47",
      "firstTimeSetup" : false,
      "hardwareVersion" : "MTCDT-0.1",
      "imei" : "",
      "imsi" : "Unknown",
      "loraEui" : "00:00:00:00:00:00:00:00",
      "loraFpgaVersion" : 0,
      "loraHwVersion" : "",
      "loraProductId" : "",
      "macAddress" : "00:08:00:4A:58:E0",
      "macBluetooth" : "00:00:00:00:00:00",
      "macWifi" : "00:00:00:00:00:00",
      "memory" : {
         "mem" : {
            "buffers" : "0",
            "cached" : "79908864",
            "free" : "84750336",
            "shared" : "0",
            "total" : "259989504",
            "used" : "175239168"
         },
         "swap" : {
            "free" : "0",
            "total" : "0",
            "used" : "0"
         },
         "total" : {
            "free" : "84750336",
            "total" : "259989504",
            "used" : "175239168"
         }
      },
      "mode" : "ROUTER",
      "oemConfigSet" : false,
      "oemId" : "",
      "permission" : "admin",
      "ppptty" : "/dev/modem_at0",
      "productId" : "MTCDT-246A",
      "radio" : {
         "carrier" : "Unknown",
         "code" : "246A",
         "firmware" : "Unknown",
         "model" : "Unknown",
         "type" : "Unknown"
      },
      "restartNeeded" : false,
      "time" : "17:44:22",
      "uptime" : "1633661.82",
      "user" : "admin",
      "uuid" : "A231DD04F84B6354DB36934642A211F1",
      "vendorId" : "Multi-Tech Systems",
      "webTitle" : ""
   }
}
